question,answer,intent
I always feel overwhelmed by my to-do list. What should I do?,Use the Eisenhower Matrix to prioritize tasks and limit yourself to 3 main goals each day.,task_prioritization
What are some tricks to improve concentration?,"Try mindfulness exercises, reduce multitasking, and keep your workspace tidy.",focus_tips
How can I disconnect from work after hours?,"Set a shutdown ritual, turn off notifications, and plan relaxing activities for the evening.",work_life_balance
Any tips for work-life balance while working remotely?,"Create a schedule with dedicated time for work, breaks, and personal time. Don’t skip days off.",work_life_balance
What is a good morning routine for productivity?,"Wake up early, avoid screens for 30 minutes, hydrate, and set your top 3 goals for the day.",morning_routine
How should I start my day for better focus?,"Do a short workout or meditation, then review your schedule and prioritize key tasks.",morning_routine
How can I stop procrastinating?,"Break tasks into smaller chunks, set a timer using the Pomodoro technique, and remove distractions from your environment.",avoid_procrastination
Why do I keep putting off important work?,You may be overwhelmed; try starting with the smallest possible action to build momentum.,avoid_procrastination
What is the best way to manage competing priorities?,"Clarify deadlines, assess impact, and delegate or defer tasks when possible.",task_prioritization
How do I separate work and personal time?,"Set work hours, avoid checking emails after hours, and use a different space for work.",work_life_balance
What's the best time management method for college students?,"Try the time-blocking technique and allocate specific hours to study, rest, and recreation.",student_time_management
I get distracted easily. What should I do?,"Use website blockers, set clear short-term goals, and limit your workspace to essentials.",focus_tips
How can I focus better when working from home?,"Set up a distraction-free workspace, use noise-cancelling headphones, and work in 25-minute sprints.",focus_tips
Any tool recommendations for managing my schedule?,"Google Calendar, Trello, and ClickUp are great for organizing your time and tasks.",productivity_tools
How can I prioritize better?,"Sort tasks by urgency and importance, and tackle the most critical ones first.",task_prioritization
Any tips to overcome procrastination during study time?,"Use focus timers, keep your phone away, and reward yourself after completing each study block.",avoid_procrastination
How do I manage my time as a student with multiple deadlines?,"Use a calendar or planner, break projects into smaller tasks, and work in daily time blocks.",student_time_management
"How can I balance classes, study, and personal time?","Plan weekly, avoid overloading any single day, and include buffer time between commitments.",student_time_management
How do I stop feeling rushed every morning?,"Prepare the night before, wake up 30 minutes earlier, and follow a consistent routine.",morning_routine
What are some good productivity apps?,"Try tools like Todoist for tasks, Notion for planning, and Forest for focus.",productivity_tools
Can apps help me stay focused?,"Yes, use apps like Focus Booster, RescueTime, and Pomofocus to stay on track.",productivity_tools
"Could you suggest how can i balance classes, study, and personal time?","Plan weekly, avoid overloading any single day, and include buffer time between commitments.",student_time_management
Can you help me with can apps help me stay focused?,"Yes, use apps like Focus Booster, RescueTime, and Pomofocus to stay on track.",productivity_tools
Can you help me with how do i separate work and personal time?,"Set work hours, avoid checking emails after hours, and use a different space for work.",work_life_balance
What are ways to how can i stop procrastinating?,"Break tasks into smaller chunks, set a timer using the Pomodoro technique, and remove distractions from your environment.",avoid_procrastination
Any advice on i always feel overwhelmed by my to-do list. what should i do?,Use the Eisenhower Matrix to prioritize tasks and limit yourself to 3 main goals each day.,task_prioritization
Could you suggest i always feel overwhelmed by my to-do list. what should i do?,Use the Eisenhower Matrix to prioritize tasks and limit yourself to 3 main goals each day.,task_prioritization
Could you suggest what is a good morning routine for productivity?,"Wake up early, avoid screens for 30 minutes, hydrate, and set your top 3 goals for the day.",morning_routine
Could you suggest how do i separate work and personal time?,"Set work hours, avoid checking emails after hours, and use a different space for work.",work_life_balance
Could you suggest how do i manage my time as a student with multiple deadlines?,"Use a calendar or planner, break projects into smaller tasks, and work in daily time blocks.",student_time_management
Any advice on what's the best time management method for college students?,"Try the time-blocking technique and allocate specific hours to study, rest, and recreation.",student_time_management
"Tips to how can i balance classes, study, and personal time?","Plan weekly, avoid overloading any single day, and include buffer time between commitments.",student_time_management
What are ways to any tips for work-life balance while working remotely?,"Create a schedule with dedicated time for work, breaks, and personal time. Don’t skip days off.",work_life_balance
What are ways to any tips to overcome procrastination during study time?,"Use focus timers, keep your phone away, and reward yourself after completing each study block.",avoid_procrastination
Could you suggest why do i keep putting off important work?,You may be overwhelmed; try starting with the smallest possible action to build momentum.,avoid_procrastination
Can you help me with any tips for work-life balance while working remotely?,"Create a schedule with dedicated time for work, breaks, and personal time. Don’t skip days off.",work_life_balance
Could you suggest can apps help me stay focused?,"Yes, use apps like Focus Booster, RescueTime, and Pomofocus to stay on track.",productivity_tools
Could you suggest how can i prioritize better?,"Sort tasks by urgency and importance, and tackle the most critical ones first.",task_prioritization
Tips to what's the best time management method for college students?,"Try the time-blocking technique and allocate specific hours to study, rest, and recreation.",student_time_management
Tips to what is the best way to manage competing priorities?,"Clarify deadlines, assess impact, and delegate or defer tasks when possible.",task_prioritization
Any advice on how can i stop procrastinating?,"Break tasks into smaller chunks, set a timer using the Pomodoro technique, and remove distractions from your environment.",avoid_procrastination
Could you suggest how can i disconnect from work after hours?,"Set a shutdown ritual, turn off notifications, and plan relaxing activities for the evening.",work_life_balance
What are ways to what's the best time management method for college students?,"Try the time-blocking technique and allocate specific hours to study, rest, and recreation.",student_time_management
Can you help me with what are some tricks to improve concentration?,"Try mindfulness exercises, reduce multitasking, and keep your workspace tidy.",focus_tips
Any advice on what is a good morning routine for productivity?,"Wake up early, avoid screens for 30 minutes, hydrate, and set your top 3 goals for the day.",morning_routine
Tips to i always feel overwhelmed by my to-do list. what should i do?,Use the Eisenhower Matrix to prioritize tasks and limit yourself to 3 main goals each day.,task_prioritization
Could you suggest what is the best way to manage competing priorities?,"Clarify deadlines, assess impact, and delegate or defer tasks when possible.",task_prioritization
Can you help me with how can i disconnect from work after hours?,"Set a shutdown ritual, turn off notifications, and plan relaxing activities for the evening.",work_life_balance
Could you suggest what's the best time management method for college students?,"Try the time-blocking technique and allocate specific hours to study, rest, and recreation.",student_time_management
"What are ways to how can i balance classes, study, and personal time?","Plan weekly, avoid overloading any single day, and include buffer time between commitments.",student_time_management
Any advice on what's the best time management method for college students?,"Try the time-blocking technique and allocate specific hours to study, rest, and recreation.",student_time_management
Could you suggest i get distracted easily. what should i do?,"Use website blockers, set clear short-term goals, and limit your workspace to essentials.",focus_tips
Tips to can apps help me stay focused?,"Yes, use apps like Focus Booster, RescueTime, and Pomofocus to stay on track.",productivity_tools
Can you help me with any tool recommendations for managing my schedule?,"Google Calendar, Trello, and ClickUp are great for organizing your time and tasks.",productivity_tools
What are ways to what's the best time management method for college students?,"Try the time-blocking technique and allocate specific hours to study, rest, and recreation.",student_time_management
Tips to any tips for work-life balance while working remotely?,"Create a schedule with dedicated time for work, breaks, and personal time. Don’t skip days off.",work_life_balance
What are ways to how do i stop feeling rushed every morning?,"Prepare the night before, wake up 30 minutes earlier, and follow a consistent routine.",morning_routine
"Tips to how can i balance classes, study, and personal time?","Plan weekly, avoid overloading any single day, and include buffer time between commitments.",student_time_management
"Tips to how can i balance classes, study, and personal time?","Plan weekly, avoid overloading any single day, and include buffer time between commitments.",student_time_management
Can you help me with i get distracted easily. what should i do?,"Use website blockers, set clear short-term goals, and limit your workspace to essentials.",focus_tips
What are ways to why do i keep putting off important work?,You may be overwhelmed; try starting with the smallest possible action to build momentum.,avoid_procrastination
Any advice on i always feel overwhelmed by my to-do list. what should i do?,Use the Eisenhower Matrix to prioritize tasks and limit yourself to 3 main goals each day.,task_prioritization
Could you suggest any tips to overcome procrastination during study time?,"Use focus timers, keep your phone away, and reward yourself after completing each study block.",avoid_procrastination
Tips to how do i separate work and personal time?,"Set work hours, avoid checking emails after hours, and use a different space for work.",work_life_balance
Can you help me with how do i separate work and personal time?,"Set work hours, avoid checking emails after hours, and use a different space for work.",work_life_balance
Can you help me with how do i stop feeling rushed every morning?,"Prepare the night before, wake up 30 minutes earlier, and follow a consistent routine.",morning_routine
Could you suggest i get distracted easily. what should i do?,"Use website blockers, set clear short-term goals, and limit your workspace to essentials.",focus_tips
Any advice on any tips for work-life balance while working remotely?,"Create a schedule with dedicated time for work, breaks, and personal time. Don’t skip days off.",work_life_balance
Tips to any tool recommendations for managing my schedule?,"Google Calendar, Trello, and ClickUp are great for organizing your time and tasks.",productivity_tools
Any advice on what's the best time management method for college students?,"Try the time-blocking technique and allocate specific hours to study, rest, and recreation.",student_time_management
Could you suggest how can i stop procrastinating?,"Break tasks into smaller chunks, set a timer using the Pomodoro technique, and remove distractions from your environment.",avoid_procrastination
What are ways to how do i manage my time as a student with multiple deadlines?,"Use a calendar or planner, break projects into smaller tasks, and work in daily time blocks.",student_time_management
Can you help me with how can i prioritize better?,"Sort tasks by urgency and importance, and tackle the most critical ones first.",task_prioritization
Tips to how should i start my day for better focus?,"Do a short workout or meditation, then review your schedule and prioritize key tasks.",morning_routine
What are ways to what are some tricks to improve concentration?,"Try mindfulness exercises, reduce multitasking, and keep your workspace tidy.",focus_tips
Can you help me with what are some tricks to improve concentration?,"Try mindfulness exercises, reduce multitasking, and keep your workspace tidy.",focus_tips
Could you suggest how do i manage my time as a student with multiple deadlines?,"Use a calendar or planner, break projects into smaller tasks, and work in daily time blocks.",student_time_management
Tips to what's the best time management method for college students?,"Try the time-blocking technique and allocate specific hours to study, rest, and recreation.",student_time_management
Tips to how can i stop procrastinating?,"Break tasks into smaller chunks, set a timer using the Pomodoro technique, and remove distractions from your environment.",avoid_procrastination
Tips to how should i start my day for better focus?,"Do a short workout or meditation, then review your schedule and prioritize key tasks.",morning_routine
What are ways to what are some tricks to improve concentration?,"Try mindfulness exercises, reduce multitasking, and keep your workspace tidy.",focus_tips
Tips to how can i focus better when working from home?,"Set up a distraction-free workspace, use noise-cancelling headphones, and work in 25-minute sprints.",focus_tips
What are ways to what is a good morning routine for productivity?,"Wake up early, avoid screens for 30 minutes, hydrate, and set your top 3 goals for the day.",morning_routine
Any advice on why do i keep putting off important work?,You may be overwhelmed; try starting with the smallest possible action to build momentum.,avoid_procrastination
Can you help me with what are some good productivity apps?,"Try tools like Todoist for tasks, Notion for planning, and Forest for focus.",productivity_tools
Could you suggest why do i keep putting off important work?,You may be overwhelmed; try starting with the smallest possible action to build momentum.,avoid_procrastination
Could you suggest i always feel overwhelmed by my to-do list. what should i do?,Use the Eisenhower Matrix to prioritize tasks and limit yourself to 3 main goals each day.,task_prioritization
What are ways to what is the best way to manage competing priorities?,"Clarify deadlines, assess impact, and delegate or defer tasks when possible.",task_prioritization
Any advice on any tips for work-life balance while working remotely?,"Create a schedule with dedicated time for work, breaks, and personal time. Don’t skip days off.",work_life_balance
What are ways to what's the best time management method for college students?,"Try the time-blocking technique and allocate specific hours to study, rest, and recreation.",student_time_management
Tips to what are some good productivity apps?,"Try tools like Todoist for tasks, Notion for planning, and Forest for focus.",productivity_tools
Tips to how can i stop procrastinating?,"Break tasks into smaller chunks, set a timer using the Pomodoro technique, and remove distractions from your environment.",avoid_procrastination
"Could you suggest how can i balance classes, study, and personal time?","Plan weekly, avoid overloading any single day, and include buffer time between commitments.",student_time_management
What are ways to how do i manage my time as a student with multiple deadlines?,"Use a calendar or planner, break projects into smaller tasks, and work in daily time blocks.",student_time_management
Can you help me with how can i stop procrastinating?,"Break tasks into smaller chunks, set a timer using the Pomodoro technique, and remove distractions from your environment.",avoid_procrastination
Tips to i always feel overwhelmed by my to-do list. what should i do?,Use the Eisenhower Matrix to prioritize tasks and limit yourself to 3 main goals each day.,task_prioritization
Can you help me with how can i prioritize better?,"Sort tasks by urgency and importance, and tackle the most critical ones first.",task_prioritization
Tips to how do i manage my time as a student with multiple deadlines?,"Use a calendar or planner, break projects into smaller tasks, and work in daily time blocks.",student_time_management
"Tips to how can i balance classes, study, and personal time?","Plan weekly, avoid overloading any single day, and include buffer time between commitments.",student_time_management
What are ways to what is a good morning routine for productivity?,"Wake up early, avoid screens for 30 minutes, hydrate, and set your top 3 goals for the day.",morning_routine
Any advice on how do i stop feeling rushed every morning?,"Prepare the night before, wake up 30 minutes earlier, and follow a consistent routine.",morning_routine
Tips to what are some good productivity apps?,"Try tools like Todoist for tasks, Notion for planning, and Forest for focus.",productivity_tools
What are ways to any tips for work-life balance while working remotely?,"Create a schedule with dedicated time for work, breaks, and personal time. Don’t skip days off.",work_life_balance
Any advice on how can i stop procrastinating?,"Break tasks into smaller chunks, set a timer using the Pomodoro technique, and remove distractions from your environment.",avoid_procrastination
What are ways to any tips to overcome procrastination during study time?,"Use focus timers, keep your phone away, and reward yourself after completing each study block.",avoid_procrastination
Could you suggest how do i manage my time as a student with multiple deadlines?,"Use a calendar or planner, break projects into smaller tasks, and work in daily time blocks.",student_time_management
Tips to what is a good morning routine for productivity?,"Wake up early, avoid screens for 30 minutes, hydrate, and set your top 3 goals for the day.",morning_routine
What are ways to why do i keep putting off important work?,You may be overwhelmed; try starting with the smallest possible action to build momentum.,avoid_procrastination
Can you help me with how do i stop feeling rushed every morning?,"Prepare the night before, wake up 30 minutes earlier, and follow a consistent routine.",morning_routine
Could you suggest what are some tricks to improve concentration?,"Try mindfulness exercises, reduce multitasking, and keep your workspace tidy.",focus_tips
Any advice on any tips to overcome procrastination during study time?,"Use focus timers, keep your phone away, and reward yourself after completing each study block.",avoid_procrastination
Can you help me with why do i keep putting off important work?,You may be overwhelmed; try starting with the smallest possible action to build momentum.,avoid_procrastination
Any advice on how can i prioritize better?,"Sort tasks by urgency and importance, and tackle the most critical ones first.",task_prioritization
Could you suggest any tool recommendations for managing my schedule?,"Google Calendar, Trello, and ClickUp are great for organizing your time and tasks.",productivity_tools
Any advice on i get distracted easily. what should i do?,"Use website blockers, set clear short-term goals, and limit your workspace to essentials.",focus_tips
Any advice on how can i stop procrastinating?,"Break tasks into smaller chunks, set a timer using the Pomodoro technique, and remove distractions from your environment.",avoid_procrastination
What are ways to how do i separate work and personal time?,"Set work hours, avoid checking emails after hours, and use a different space for work.",work_life_balance
Any advice on what's the best time management method for college students?,"Try the time-blocking technique and allocate specific hours to study, rest, and recreation.",student_time_management
Tips to i always feel overwhelmed by my to-do list. what should i do?,Use the Eisenhower Matrix to prioritize tasks and limit yourself to 3 main goals each day.,task_prioritization
Any advice on what is a good morning routine for productivity?,"Wake up early, avoid screens for 30 minutes, hydrate, and set your top 3 goals for the day.",morning_routine
What are ways to how should i start my day for better focus?,"Do a short workout or meditation, then review your schedule and prioritize key tasks.",morning_routine
Could you suggest why do i keep putting off important work?,You may be overwhelmed; try starting with the smallest possible action to build momentum.,avoid_procrastination
Could you suggest can apps help me stay focused?,"Yes, use apps like Focus Booster, RescueTime, and Pomofocus to stay on track.",productivity_tools
Tips to what are some tricks to improve concentration?,"Try mindfulness exercises, reduce multitasking, and keep your workspace tidy.",focus_tips
Can you help me with how can i prioritize better?,"Sort tasks by urgency and importance, and tackle the most critical ones first.",task_prioritization
What are ways to what are some good productivity apps?,"Try tools like Todoist for tasks, Notion for planning, and Forest for focus.",productivity_tools
Tips to how do i manage my time as a student with multiple deadlines?,"Use a calendar or planner, break projects into smaller tasks, and work in daily time blocks.",student_time_management
Tips to how can i focus better when working from home?,"Set up a distraction-free workspace, use noise-cancelling headphones, and work in 25-minute sprints.",focus_tips
Any advice on why do i keep putting off important work?,You may be overwhelmed; try starting with the smallest possible action to build momentum.,avoid_procrastination
What are ways to what's the best time management method for college students?,"Try the time-blocking technique and allocate specific hours to study, rest, and recreation.",student_time_management
Could you suggest what's the best time management method for college students?,"Try the time-blocking technique and allocate specific hours to study, rest, and recreation.",student_time_management
Tips to what's the best time management method for college students?,"Try the time-blocking technique and allocate specific hours to study, rest, and recreation.",student_time_management
Tips to how can i prioritize better?,"Sort tasks by urgency and importance, and tackle the most critical ones first.",task_prioritization
Tips to how can i disconnect from work after hours?,"Set a shutdown ritual, turn off notifications, and plan relaxing activities for the evening.",work_life_balance
Can you help me with how should i start my day for better focus?,"Do a short workout or meditation, then review your schedule and prioritize key tasks.",morning_routine
Any advice on can apps help me stay focused?,"Yes, use apps like Focus Booster, RescueTime, and Pomofocus to stay on track.",productivity_tools
Tips to i get distracted easily. what should i do?,"Use website blockers, set clear short-term goals, and limit your workspace to essentials.",focus_tips
Could you suggest what are some tricks to improve concentration?,"Try mindfulness exercises, reduce multitasking, and keep your workspace tidy.",focus_tips
Tips to how can i disconnect from work after hours?,"Set a shutdown ritual, turn off notifications, and plan relaxing activities for the evening.",work_life_balance
Can you help me with how do i manage my time as a student with multiple deadlines?,"Use a calendar or planner, break projects into smaller tasks, and work in daily time blocks.",student_time_management
Could you suggest how should i start my day for better focus?,"Do a short workout or meditation, then review your schedule and prioritize key tasks.",morning_routine
What are ways to any tool recommendations for managing my schedule?,"Google Calendar, Trello, and ClickUp are great for organizing your time and tasks.",productivity_tools
What are ways to how can i focus better when working from home?,"Set up a distraction-free workspace, use noise-cancelling headphones, and work in 25-minute sprints.",focus_tips
Can you help me with how can i disconnect from work after hours?,"Set a shutdown ritual, turn off notifications, and plan relaxing activities for the evening.",work_life_balance
Any advice on how can i disconnect from work after hours?,"Set a shutdown ritual, turn off notifications, and plan relaxing activities for the evening.",work_life_balance
What are ways to what's the best time management method for college students?,"Try the time-blocking technique and allocate specific hours to study, rest, and recreation.",student_time_management
Tips to what is the best way to manage competing priorities?,"Clarify deadlines, assess impact, and delegate or defer tasks when possible.",task_prioritization
Can you help me with any tips for work-life balance while working remotely?,"Create a schedule with dedicated time for work, breaks, and personal time. Don’t skip days off.",work_life_balance
Any advice on what's the best time management method for college students?,"Try the time-blocking technique and allocate specific hours to study, rest, and recreation.",student_time_management
Any advice on how can i focus better when working from home?,"Set up a distraction-free workspace, use noise-cancelling headphones, and work in 25-minute sprints.",focus_tips
What are ways to any tips for work-life balance while working remotely?,"Create a schedule with dedicated time for work, breaks, and personal time. Don’t skip days off.",work_life_balance
Tips to any tips to overcome procrastination during study time?,"Use focus timers, keep your phone away, and reward yourself after completing each study block.",avoid_procrastination
Tips to how can i stop procrastinating?,"Break tasks into smaller chunks, set a timer using the Pomodoro technique, and remove distractions from your environment.",avoid_procrastination
Can you help me with any tool recommendations for managing my schedule?,"Google Calendar, Trello, and ClickUp are great for organizing your time and tasks.",productivity_tools
Any advice on how can i focus better when working from home?,"Set up a distraction-free workspace, use noise-cancelling headphones, and work in 25-minute sprints.",focus_tips
What are ways to how can i stop procrastinating?,"Break tasks into smaller chunks, set a timer using the Pomodoro technique, and remove distractions from your environment.",avoid_procrastination
Could you suggest how can i stop procrastinating?,"Break tasks into smaller chunks, set a timer using the Pomodoro technique, and remove distractions from your environment.",avoid_procrastination
Could you suggest what are some good productivity apps?,"Try tools like Todoist for tasks, Notion for planning, and Forest for focus.",productivity_tools
Could you suggest any tips for work-life balance while working remotely?,"Create a schedule with dedicated time for work, breaks, and personal time. Don’t skip days off.",work_life_balance
Any advice on i always feel overwhelmed by my to-do list. what should i do?,Use the Eisenhower Matrix to prioritize tasks and limit yourself to 3 main goals each day.,task_prioritization
Tips to what are some good productivity apps?,"Try tools like Todoist for tasks, Notion for planning, and Forest for focus.",productivity_tools
Can you help me with i always feel overwhelmed by my to-do list. what should i do?,Use the Eisenhower Matrix to prioritize tasks and limit yourself to 3 main goals each day.,task_prioritization
Can you help me with why do i keep putting off important work?,You may be overwhelmed; try starting with the smallest possible action to build momentum.,avoid_procrastination
Any advice on what are some tricks to improve concentration?,"Try mindfulness exercises, reduce multitasking, and keep your workspace tidy.",focus_tips
Could you suggest i get distracted easily. what should i do?,"Use website blockers, set clear short-term goals, and limit your workspace to essentials.",focus_tips
Tips to how should i start my day for better focus?,"Do a short workout or meditation, then review your schedule and prioritize key tasks.",morning_routine
What are ways to how do i stop feeling rushed every morning?,"Prepare the night before, wake up 30 minutes earlier, and follow a consistent routine.",morning_routine
Could you suggest why do i keep putting off important work?,You may be overwhelmed; try starting with the smallest possible action to build momentum.,avoid_procrastination
What are ways to what are some good productivity apps?,"Try tools like Todoist for tasks, Notion for planning, and Forest for focus.",productivity_tools
Any advice on can apps help me stay focused?,"Yes, use apps like Focus Booster, RescueTime, and Pomofocus to stay on track.",productivity_tools
Tips to what are some tricks to improve concentration?,"Try mindfulness exercises, reduce multitasking, and keep your workspace tidy.",focus_tips
Tips to how can i focus better when working from home?,"Set up a distraction-free workspace, use noise-cancelling headphones, and work in 25-minute sprints.",focus_tips
Tips to any tips to overcome procrastination during study time?,"Use focus timers, keep your phone away, and reward yourself after completing each study block.",avoid_procrastination
Tips to any tips to overcome procrastination during study time?,"Use focus timers, keep your phone away, and reward yourself after completing each study block.",avoid_procrastination
"Could you suggest how can i balance classes, study, and personal time?","Plan weekly, avoid overloading any single day, and include buffer time between commitments.",student_time_management
"Tips to how can i balance classes, study, and personal time?","Plan weekly, avoid overloading any single day, and include buffer time between commitments.",student_time_management
What are ways to any tool recommendations for managing my schedule?,"Google Calendar, Trello, and ClickUp are great for organizing your time and tasks.",productivity_tools
"Any advice on how can i balance classes, study, and personal time?","Plan weekly, avoid overloading any single day, and include buffer time between commitments.",student_time_management
Could you suggest how do i manage my time as a student with multiple deadlines?,"Use a calendar or planner, break projects into smaller tasks, and work in daily time blocks.",student_time_management
What are ways to how can i prioritize better?,"Sort tasks by urgency and importance, and tackle the most critical ones first.",task_prioritization
What are ways to how can i disconnect from work after hours?,"Set a shutdown ritual, turn off notifications, and plan relaxing activities for the evening.",work_life_balance
Can you help me with i get distracted easily. what should i do?,"Use website blockers, set clear short-term goals, and limit your workspace to essentials.",focus_tips
"Any advice on how can i balance classes, study, and personal time?","Plan weekly, avoid overloading any single day, and include buffer time between commitments.",student_time_management
Any advice on i get distracted easily. what should i do?,"Use website blockers, set clear short-term goals, and limit your workspace to essentials.",focus_tips
Could you suggest i always feel overwhelmed by my to-do list. what should i do?,Use the Eisenhower Matrix to prioritize tasks and limit yourself to 3 main goals each day.,task_prioritization
"Could you suggest how can i balance classes, study, and personal time?","Plan weekly, avoid overloading any single day, and include buffer time between commitments.",student_time_management
Tips to how can i focus better when working from home?,"Set up a distraction-free workspace, use noise-cancelling headphones, and work in 25-minute sprints.",focus_tips
Could you suggest i always feel overwhelmed by my to-do list. what should i do?,Use the Eisenhower Matrix to prioritize tasks and limit yourself to 3 main goals each day.,task_prioritization
Can you help me with how can i prioritize better?,"Sort tasks by urgency and importance, and tackle the most critical ones first.",task_prioritization
Tips to any tips to overcome procrastination during study time?,"Use focus timers, keep your phone away, and reward yourself after completing each study block.",avoid_procrastination
Any advice on i get distracted easily. what should i do?,"Use website blockers, set clear short-term goals, and limit your workspace to essentials.",focus_tips
What are ways to any tips for work-life balance while working remotely?,"Create a schedule with dedicated time for work, breaks, and personal time. Don’t skip days off.",work_life_balance
What are ways to how should i start my day for better focus?,"Do a short workout or meditation, then review your schedule and prioritize key tasks.",morning_routine
Tips to how do i manage my time as a student with multiple deadlines?,"Use a calendar or planner, break projects into smaller tasks, and work in daily time blocks.",student_time_management
Any advice on what's the best time management method for college students?,"Try the time-blocking technique and allocate specific hours to study, rest, and recreation.",student_time_management
Could you suggest what are some good productivity apps?,"Try tools like Todoist for tasks, Notion for planning, and Forest for focus.",productivity_tools
Tips to how do i stop feeling rushed every morning?,"Prepare the night before, wake up 30 minutes earlier, and follow a consistent routine.",morning_routine
Can you help me with how can i disconnect from work after hours?,"Set a shutdown ritual, turn off notifications, and plan relaxing activities for the evening.",work_life_balance
Could you suggest what are some good productivity apps?,"Try tools like Todoist for tasks, Notion for planning, and Forest for focus.",productivity_tools
Tips to how can i disconnect from work after hours?,"Set a shutdown ritual, turn off notifications, and plan relaxing activities for the evening.",work_life_balance
Could you suggest what is a good morning routine for productivity?,"Wake up early, avoid screens for 30 minutes, hydrate, and set your top 3 goals for the day.",morning_routine
What are ways to what are some good productivity apps?,"Try tools like Todoist for tasks, Notion for planning, and Forest for focus.",productivity_tools
"What are ways to how can i balance classes, study, and personal time?","Plan weekly, avoid overloading any single day, and include buffer time between commitments.",student_time_management
Could you suggest any tips to overcome procrastination during study time?,"Use focus timers, keep your phone away, and reward yourself after completing each study block.",avoid_procrastination
Any advice on how can i disconnect from work after hours?,"Set a shutdown ritual, turn off notifications, and plan relaxing activities for the evening.",work_life_balance
Tips to how should i start my day for better focus?,"Do a short workout or meditation, then review your schedule and prioritize key tasks.",morning_routine
Could you suggest any tips to overcome procrastination during study time?,"Use focus timers, keep your phone away, and reward yourself after completing each study block.",avoid_procrastination
Any advice on how should i start my day for better focus?,"Do a short workout or meditation, then review your schedule and prioritize key tasks.",morning_routine
Any advice on what is a good morning routine for productivity?,"Wake up early, avoid screens for 30 minutes, hydrate, and set your top 3 goals for the day.",morning_routine
Can you help me with i get distracted easily. what should i do?,"Use website blockers, set clear short-term goals, and limit your workspace to essentials.",focus_tips
Could you suggest how can i focus better when working from home?,"Set up a distraction-free workspace, use noise-cancelling headphones, and work in 25-minute sprints.",focus_tips
What are ways to can apps help me stay focused?,"Yes, use apps like Focus Booster, RescueTime, and Pomofocus to stay on track.",productivity_tools
Can you help me with i always feel overwhelmed by my to-do list. what should i do?,Use the Eisenhower Matrix to prioritize tasks and limit yourself to 3 main goals each day.,task_prioritization
Tips to can apps help me stay focused?,"Yes, use apps like Focus Booster, RescueTime, and Pomofocus to stay on track.",productivity_tools
What are ways to what is the best way to manage competing priorities?,"Clarify deadlines, assess impact, and delegate or defer tasks when possible.",task_prioritization
Any advice on how do i separate work and personal time?,"Set work hours, avoid checking emails after hours, and use a different space for work.",work_life_balance
"Any advice on how can i balance classes, study, and personal time?","Plan weekly, avoid overloading any single day, and include buffer time between commitments.",student_time_management
Any advice on how do i stop feeling rushed every morning?,"Prepare the night before, wake up 30 minutes earlier, and follow a consistent routine.",morning_routine
Tips to how do i separate work and personal time?,"Set work hours, avoid checking emails after hours, and use a different space for work.",work_life_balance
Could you suggest what's the best time management method for college students?,"Try the time-blocking technique and allocate specific hours to study, rest, and recreation.",student_time_management
Can you help me with i get distracted easily. what should i do?,"Use website blockers, set clear short-term goals, and limit your workspace to essentials.",focus_tips
Any advice on how do i stop feeling rushed every morning?,"Prepare the night before, wake up 30 minutes earlier, and follow a consistent routine.",morning_routine
Any advice on how do i separate work and personal time?,"Set work hours, avoid checking emails after hours, and use a different space for work.",work_life_balance
Any advice on how do i manage my time as a student with multiple deadlines?,"Use a calendar or planner, break projects into smaller tasks, and work in daily time blocks.",student_time_management
What are ways to what is the best way to manage competing priorities?,"Clarify deadlines, assess impact, and delegate or defer tasks when possible.",task_prioritization
What are ways to any tips for work-life balance while working remotely?,"Create a schedule with dedicated time for work, breaks, and personal time. Don’t skip days off.",work_life_balance
Could you suggest what's the best time management method for college students?,"Try the time-blocking technique and allocate specific hours to study, rest, and recreation.",student_time_management
Any advice on how can i stop procrastinating?,"Break tasks into smaller chunks, set a timer using the Pomodoro technique, and remove distractions from your environment.",avoid_procrastination
What are ways to what's the best time management method for college students?,"Try the time-blocking technique and allocate specific hours to study, rest, and recreation.",student_time_management
What are ways to how should i start my day for better focus?,"Do a short workout or meditation, then review your schedule and prioritize key tasks.",morning_routine
What are ways to how do i stop feeling rushed every morning?,"Prepare the night before, wake up 30 minutes earlier, and follow a consistent routine.",morning_routine
What are ways to what are some tricks to improve concentration?,"Try mindfulness exercises, reduce multitasking, and keep your workspace tidy.",focus_tips
Any advice on what are some good productivity apps?,"Try tools like Todoist for tasks, Notion for planning, and Forest for focus.",productivity_tools
Tips to how can i disconnect from work after hours?,"Set a shutdown ritual, turn off notifications, and plan relaxing activities for the evening.",work_life_balance
Could you suggest any tool recommendations for managing my schedule?,"Google Calendar, Trello, and ClickUp are great for organizing your time and tasks.",productivity_tools
Any advice on what is the best way to manage competing priorities?,"Clarify deadlines, assess impact, and delegate or defer tasks when possible.",task_prioritization
What are ways to how can i stop procrastinating?,"Break tasks into smaller chunks, set a timer using the Pomodoro technique, and remove distractions from your environment.",avoid_procrastination
What are ways to how can i stop procrastinating?,"Break tasks into smaller chunks, set a timer using the Pomodoro technique, and remove distractions from your environment.",avoid_procrastination
Any advice on what's the best time management method for college students?,"Try the time-blocking technique and allocate specific hours to study, rest, and recreation.",student_time_management
What are ways to what are some tricks to improve concentration?,"Try mindfulness exercises, reduce multitasking, and keep your workspace tidy.",focus_tips
Can you help me with how can i focus better when working from home?,"Set up a distraction-free workspace, use noise-cancelling headphones, and work in 25-minute sprints.",focus_tips
Could you suggest what's the best time management method for college students?,"Try the time-blocking technique and allocate specific hours to study, rest, and recreation.",student_time_management
Any advice on can apps help me stay focused?,"Yes, use apps like Focus Booster, RescueTime, and Pomofocus to stay on track.",productivity_tools
What are ways to what is a good morning routine for productivity?,"Wake up early, avoid screens for 30 minutes, hydrate, and set your top 3 goals for the day.",morning_routine
Could you suggest what is a good morning routine for productivity?,"Wake up early, avoid screens for 30 minutes, hydrate, and set your top 3 goals for the day.",morning_routine
Tips to any tips to overcome procrastination during study time?,"Use focus timers, keep your phone away, and reward yourself after completing each study block.",avoid_procrastination
Tips to how do i stop feeling rushed every morning?,"Prepare the night before, wake up 30 minutes earlier, and follow a consistent routine.",morning_routine
Any advice on i always feel overwhelmed by my to-do list. what should i do?,Use the Eisenhower Matrix to prioritize tasks and limit yourself to 3 main goals each day.,task_prioritization
Can you help me with why do i keep putting off important work?,You may be overwhelmed; try starting with the smallest possible action to build momentum.,avoid_procrastination
Could you suggest any tips for work-life balance while working remotely?,"Create a schedule with dedicated time for work, breaks, and personal time. Don’t skip days off.",work_life_balance
What are ways to how can i disconnect from work after hours?,"Set a shutdown ritual, turn off notifications, and plan relaxing activities for the evening.",work_life_balance
Could you suggest what's the best time management method for college students?,"Try the time-blocking technique and allocate specific hours to study, rest, and recreation.",student_time_management
Tips to what is a good morning routine for productivity?,"Wake up early, avoid screens for 30 minutes, hydrate, and set your top 3 goals for the day.",morning_routine
Can you help me with how can i focus better when working from home?,"Set up a distraction-free workspace, use noise-cancelling headphones, and work in 25-minute sprints.",focus_tips
Tips to any tips to overcome procrastination during study time?,"Use focus timers, keep your phone away, and reward yourself after completing each study block.",avoid_procrastination
Could you suggest what is a good morning routine for productivity?,"Wake up early, avoid screens for 30 minutes, hydrate, and set your top 3 goals for the day.",morning_routine
Any advice on any tips to overcome procrastination during study time?,"Use focus timers, keep your phone away, and reward yourself after completing each study block.",avoid_procrastination
What are ways to i get distracted easily. what should i do?,"Use website blockers, set clear short-term goals, and limit your workspace to essentials.",focus_tips
"What are ways to how can i balance classes, study, and personal time?","Plan weekly, avoid overloading any single day, and include buffer time between commitments.",student_time_management
Could you suggest how can i stop procrastinating?,"Break tasks into smaller chunks, set a timer using the Pomodoro technique, and remove distractions from your environment.",avoid_procrastination
Any advice on i get distracted easily. what should i do?,"Use website blockers, set clear short-term goals, and limit your workspace to essentials.",focus_tips
Any advice on i get distracted easily. what should i do?,"Use website blockers, set clear short-term goals, and limit your workspace to essentials.",focus_tips
What are ways to what are some tricks to improve concentration?,"Try mindfulness exercises, reduce multitasking, and keep your workspace tidy.",focus_tips
Could you suggest what's the best time management method for college students?,"Try the time-blocking technique and allocate specific hours to study, rest, and recreation.",student_time_management
What are ways to how can i stop procrastinating?,"Break tasks into smaller chunks, set a timer using the Pomodoro technique, and remove distractions from your environment.",avoid_procrastination
What are ways to i always feel overwhelmed by my to-do list. what should i do?,Use the Eisenhower Matrix to prioritize tasks and limit yourself to 3 main goals each day.,task_prioritization
Any advice on i always feel overwhelmed by my to-do list. what should i do?,Use the Eisenhower Matrix to prioritize tasks and limit yourself to 3 main goals each day.,task_prioritization
Could you suggest how do i separate work and personal time?,"Set work hours, avoid checking emails after hours, and use a different space for work.",work_life_balance
Can you help me with any tips for work-life balance while working remotely?,"Create a schedule with dedicated time for work, breaks, and personal time. Don’t skip days off.",work_life_balance
Could you suggest what is the best way to manage competing priorities?,"Clarify deadlines, assess impact, and delegate or defer tasks when possible.",task_prioritization
Could you suggest what is the best way to manage competing priorities?,"Clarify deadlines, assess impact, and delegate or defer tasks when possible.",task_prioritization
Could you suggest i get distracted easily. what should i do?,"Use website blockers, set clear short-term goals, and limit your workspace to essentials.",focus_tips
Can you help me with how do i stop feeling rushed every morning?,"Prepare the night before, wake up 30 minutes earlier, and follow a consistent routine.",morning_routine
Tips to any tips for work-life balance while working remotely?,"Create a schedule with dedicated time for work, breaks, and personal time. Don’t skip days off.",work_life_balance
What are ways to any tips to overcome procrastination during study time?,"Use focus timers, keep your phone away, and reward yourself after completing each study block.",avoid_procrastination
Any advice on how can i prioritize better?,"Sort tasks by urgency and importance, and tackle the most critical ones first.",task_prioritization
Any advice on how do i manage my time as a student with multiple deadlines?,"Use a calendar or planner, break projects into smaller tasks, and work in daily time blocks.",student_time_management
Any advice on what are some tricks to improve concentration?,"Try mindfulness exercises, reduce multitasking, and keep your workspace tidy.",focus_tips
Could you suggest how should i start my day for better focus?,"Do a short workout or meditation, then review your schedule and prioritize key tasks.",morning_routine
Could you suggest how do i separate work and personal time?,"Set work hours, avoid checking emails after hours, and use a different space for work.",work_life_balance
Could you suggest any tips for work-life balance while working remotely?,"Create a schedule with dedicated time for work, breaks, and personal time. Don’t skip days off.",work_life_balance
Could you suggest how can i prioritize better?,"Sort tasks by urgency and importance, and tackle the most critical ones first.",task_prioritization
Could you suggest what is a good morning routine for productivity?,"Wake up early, avoid screens for 30 minutes, hydrate, and set your top 3 goals for the day.",morning_routine
Could you suggest why do i keep putting off important work?,You may be overwhelmed; try starting with the smallest possible action to build momentum.,avoid_procrastination
"Tips to how can i balance classes, study, and personal time?","Plan weekly, avoid overloading any single day, and include buffer time between commitments.",student_time_management
Any advice on i always feel overwhelmed by my to-do list. what should i do?,Use the Eisenhower Matrix to prioritize tasks and limit yourself to 3 main goals each day.,task_prioritization
Can you help me with any tips to overcome procrastination during study time?,"Use focus timers, keep your phone away, and reward yourself after completing each study block.",avoid_procrastination
Can you help me with how do i manage my time as a student with multiple deadlines?,"Use a calendar or planner, break projects into smaller tasks, and work in daily time blocks.",student_time_management
Any advice on any tool recommendations for managing my schedule?,"Google Calendar, Trello, and ClickUp are great for organizing your time and tasks.",productivity_tools
Could you suggest how do i separate work and personal time?,"Set work hours, avoid checking emails after hours, and use a different space for work.",work_life_balance
Can you help me with how can i stop procrastinating?,"Break tasks into smaller chunks, set a timer using the Pomodoro technique, and remove distractions from your environment.",avoid_procrastination
Can you help me with how can i stop procrastinating?,"Break tasks into smaller chunks, set a timer using the Pomodoro technique, and remove distractions from your environment.",avoid_procrastination
Can you help me with how can i disconnect from work after hours?,"Set a shutdown ritual, turn off notifications, and plan relaxing activities for the evening.",work_life_balance
Tips to how can i stop procrastinating?,"Break tasks into smaller chunks, set a timer using the Pomodoro technique, and remove distractions from your environment.",avoid_procrastination
Tips to can apps help me stay focused?,"Yes, use apps like Focus Booster, RescueTime, and Pomofocus to stay on track.",productivity_tools
What are ways to any tips for work-life balance while working remotely?,"Create a schedule with dedicated time for work, breaks, and personal time. Don’t skip days off.",work_life_balance
Could you suggest any tool recommendations for managing my schedule?,"Google Calendar, Trello, and ClickUp are great for organizing your time and tasks.",productivity_tools
Could you suggest any tips to overcome procrastination during study time?,"Use focus timers, keep your phone away, and reward yourself after completing each study block.",avoid_procrastination
What are ways to how can i disconnect from work after hours?,"Set a shutdown ritual, turn off notifications, and plan relaxing activities for the evening.",work_life_balance
What are ways to how can i focus better when working from home?,"Set up a distraction-free workspace, use noise-cancelling headphones, and work in 25-minute sprints.",focus_tips
What are ways to what are some good productivity apps?,"Try tools like Todoist for tasks, Notion for planning, and Forest for focus.",productivity_tools
What are ways to how can i focus better when working from home?,"Set up a distraction-free workspace, use noise-cancelling headphones, and work in 25-minute sprints.",focus_tips
Can you help me with what's the best time management method for college students?,"Try the time-blocking technique and allocate specific hours to study, rest, and recreation.",student_time_management
Any advice on why do i keep putting off important work?,You may be overwhelmed; try starting with the smallest possible action to build momentum.,avoid_procrastination
What are ways to what is a good morning routine for productivity?,"Wake up early, avoid screens for 30 minutes, hydrate, and set your top 3 goals for the day.",morning_routine
Any advice on i always feel overwhelmed by my to-do list. what should i do?,Use the Eisenhower Matrix to prioritize tasks and limit yourself to 3 main goals each day.,task_prioritization
Could you suggest what are some tricks to improve concentration?,"Try mindfulness exercises, reduce multitasking, and keep your workspace tidy.",focus_tips
Any advice on any tips to overcome procrastination during study time?,"Use focus timers, keep your phone away, and reward yourself after completing each study block.",avoid_procrastination
Any advice on why do i keep putting off important work?,You may be overwhelmed; try starting with the smallest possible action to build momentum.,avoid_procrastination
Any advice on any tips for work-life balance while working remotely?,"Create a schedule with dedicated time for work, breaks, and personal time. Don’t skip days off.",work_life_balance
Any advice on how do i separate work and personal time?,"Set work hours, avoid checking emails after hours, and use a different space for work.",work_life_balance
What are ways to i get distracted easily. what should i do?,"Use website blockers, set clear short-term goals, and limit your workspace to essentials.",focus_tips
What are ways to how do i stop feeling rushed every morning?,"Prepare the night before, wake up 30 minutes earlier, and follow a consistent routine.",morning_routine
Any advice on what is the best way to manage competing priorities?,"Clarify deadlines, assess impact, and delegate or defer tasks when possible.",task_prioritization
Can you help me with any tips for work-life balance while working remotely?,"Create a schedule with dedicated time for work, breaks, and personal time. Don’t skip days off.",work_life_balance
Tips to can apps help me stay focused?,"Yes, use apps like Focus Booster, RescueTime, and Pomofocus to stay on track.",productivity_tools
Could you suggest how can i disconnect from work after hours?,"Set a shutdown ritual, turn off notifications, and plan relaxing activities for the evening.",work_life_balance
Could you suggest what is the best way to manage competing priorities?,"Clarify deadlines, assess impact, and delegate or defer tasks when possible.",task_prioritization
What are ways to any tips to overcome procrastination during study time?,"Use focus timers, keep your phone away, and reward yourself after completing each study block.",avoid_procrastination
Could you suggest any tool recommendations for managing my schedule?,"Google Calendar, Trello, and ClickUp are great for organizing your time and tasks.",productivity_tools
What are ways to i always feel overwhelmed by my to-do list. what should i do?,Use the Eisenhower Matrix to prioritize tasks and limit yourself to 3 main goals each day.,task_prioritization
Tips to what are some tricks to improve concentration?,"Try mindfulness exercises, reduce multitasking, and keep your workspace tidy.",focus_tips
Could you suggest i get distracted easily. what should i do?,"Use website blockers, set clear short-term goals, and limit your workspace to essentials.",focus_tips
What are ways to i get distracted easily. what should i do?,"Use website blockers, set clear short-term goals, and limit your workspace to essentials.",focus_tips
What are ways to how can i stop procrastinating?,"Break tasks into smaller chunks, set a timer using the Pomodoro technique, and remove distractions from your environment.",avoid_procrastination
Could you suggest any tool recommendations for managing my schedule?,"Google Calendar, Trello, and ClickUp are great for organizing your time and tasks.",productivity_tools
What are ways to how can i stop procrastinating?,"Break tasks into smaller chunks, set a timer using the Pomodoro technique, and remove distractions from your environment.",avoid_procrastination
Any advice on can apps help me stay focused?,"Yes, use apps like Focus Booster, RescueTime, and Pomofocus to stay on track.",productivity_tools
Any advice on i get distracted easily. what should i do?,"Use website blockers, set clear short-term goals, and limit your workspace to essentials.",focus_tips
Tips to how should i start my day for better focus?,"Do a short workout or meditation, then review your schedule and prioritize key tasks.",morning_routine
Can you help me with i get distracted easily. what should i do?,"Use website blockers, set clear short-term goals, and limit your workspace to essentials.",focus_tips
Tips to can apps help me stay focused?,"Yes, use apps like Focus Booster, RescueTime, and Pomofocus to stay on track.",productivity_tools
Tips to how can i prioritize better?,"Sort tasks by urgency and importance, and tackle the most critical ones first.",task_prioritization
Tips to how can i disconnect from work after hours?,"Set a shutdown ritual, turn off notifications, and plan relaxing activities for the evening.",work_life_balance
Could you suggest i get distracted easily. what should i do?,"Use website blockers, set clear short-term goals, and limit your workspace to essentials.",focus_tips
Can you help me with i get distracted easily. what should i do?,"Use website blockers, set clear short-term goals, and limit your workspace to essentials.",focus_tips
Could you suggest how do i stop feeling rushed every morning?,"Prepare the night before, wake up 30 minutes earlier, and follow a consistent routine.",morning_routine
Can you help me with what is the best way to manage competing priorities?,"Clarify deadlines, assess impact, and delegate or defer tasks when possible.",task_prioritization
Could you suggest can apps help me stay focused?,"Yes, use apps like Focus Booster, RescueTime, and Pomofocus to stay on track.",productivity_tools
Any advice on what is a good morning routine for productivity?,"Wake up early, avoid screens for 30 minutes, hydrate, and set your top 3 goals for the day.",morning_routine
Can you help me with how do i separate work and personal time?,"Set work hours, avoid checking emails after hours, and use a different space for work.",work_life_balance
Any advice on how can i prioritize better?,"Sort tasks by urgency and importance, and tackle the most critical ones first.",task_prioritization
Can you help me with any tips to overcome procrastination during study time?,"Use focus timers, keep your phone away, and reward yourself after completing each study block.",avoid_procrastination
Could you suggest what are some tricks to improve concentration?,"Try mindfulness exercises, reduce multitasking, and keep your workspace tidy.",focus_tips
Tips to how can i focus better when working from home?,"Set up a distraction-free workspace, use noise-cancelling headphones, and work in 25-minute sprints.",focus_tips
Tips to what is the best way to manage competing priorities?,"Clarify deadlines, assess impact, and delegate or defer tasks when possible.",task_prioritization
Can you help me with why do i keep putting off important work?,You may be overwhelmed; try starting with the smallest possible action to build momentum.,avoid_procrastination
What are ways to any tips for work-life balance while working remotely?,"Create a schedule with dedicated time for work, breaks, and personal time. Don’t skip days off.",work_life_balance
Any advice on any tips for work-life balance while working remotely?,"Create a schedule with dedicated time for work, breaks, and personal time. Don’t skip days off.",work_life_balance
Tips to how can i focus better when working from home?,"Set up a distraction-free workspace, use noise-cancelling headphones, and work in 25-minute sprints.",focus_tips
Tips to how do i separate work and personal time?,"Set work hours, avoid checking emails after hours, and use a different space for work.",work_life_balance
Any advice on how do i separate work and personal time?,"Set work hours, avoid checking emails after hours, and use a different space for work.",work_life_balance
Any advice on what is the best way to manage competing priorities?,"Clarify deadlines, assess impact, and delegate or defer tasks when possible.",task_prioritization
Any advice on how can i focus better when working from home?,"Set up a distraction-free workspace, use noise-cancelling headphones, and work in 25-minute sprints.",focus_tips
Any advice on what are some good productivity apps?,"Try tools like Todoist for tasks, Notion for planning, and Forest for focus.",productivity_tools
What are ways to how can i prioritize better?,"Sort tasks by urgency and importance, and tackle the most critical ones first.",task_prioritization
Can you help me with i always feel overwhelmed by my to-do list. what should i do?,Use the Eisenhower Matrix to prioritize tasks and limit yourself to 3 main goals each day.,task_prioritization
Could you suggest what's the best time management method for college students?,"Try the time-blocking technique and allocate specific hours to study, rest, and recreation.",student_time_management
Can you help me with what's the best time management method for college students?,"Try the time-blocking technique and allocate specific hours to study, rest, and recreation.",student_time_management
Any advice on how can i focus better when working from home?,"Set up a distraction-free workspace, use noise-cancelling headphones, and work in 25-minute sprints.",focus_tips
Can you help me with how do i separate work and personal time?,"Set work hours, avoid checking emails after hours, and use a different space for work.",work_life_balance
Any advice on what is the best way to manage competing priorities?,"Clarify deadlines, assess impact, and delegate or defer tasks when possible.",task_prioritization
What are ways to how do i separate work and personal time?,"Set work hours, avoid checking emails after hours, and use a different space for work.",work_life_balance
Could you suggest any tool recommendations for managing my schedule?,"Google Calendar, Trello, and ClickUp are great for organizing your time and tasks.",productivity_tools
"Tips to how can i balance classes, study, and personal time?","Plan weekly, avoid overloading any single day, and include buffer time between commitments.",student_time_management
Tips to how do i stop feeling rushed every morning?,"Prepare the night before, wake up 30 minutes earlier, and follow a consistent routine.",morning_routine
What are ways to how can i disconnect from work after hours?,"Set a shutdown ritual, turn off notifications, and plan relaxing activities for the evening.",work_life_balance
Can you help me with any tool recommendations for managing my schedule?,"Google Calendar, Trello, and ClickUp are great for organizing your time and tasks.",productivity_tools
What are ways to why do i keep putting off important work?,You may be overwhelmed; try starting with the smallest possible action to build momentum.,avoid_procrastination
Tips to what is the best way to manage competing priorities?,"Clarify deadlines, assess impact, and delegate or defer tasks when possible.",task_prioritization
Can you help me with why do i keep putting off important work?,You may be overwhelmed; try starting with the smallest possible action to build momentum.,avoid_procrastination
Could you suggest what are some good productivity apps?,"Try tools like Todoist for tasks, Notion for planning, and Forest for focus.",productivity_tools
Can you help me with what are some good productivity apps?,"Try tools like Todoist for tasks, Notion for planning, and Forest for focus.",productivity_tools
What are ways to how do i manage my time as a student with multiple deadlines?,"Use a calendar or planner, break projects into smaller tasks, and work in daily time blocks.",student_time_management
Can you help me with i always feel overwhelmed by my to-do list. what should i do?,Use the Eisenhower Matrix to prioritize tasks and limit yourself to 3 main goals each day.,task_prioritization
Could you suggest what are some good productivity apps?,"Try tools like Todoist for tasks, Notion for planning, and Forest for focus.",productivity_tools
Any advice on what are some tricks to improve concentration?,"Try mindfulness exercises, reduce multitasking, and keep your workspace tidy.",focus_tips
Could you suggest what are some good productivity apps?,"Try tools like Todoist for tasks, Notion for planning, and Forest for focus.",productivity_tools
Can you help me with how can i focus better when working from home?,"Set up a distraction-free workspace, use noise-cancelling headphones, and work in 25-minute sprints.",focus_tips
Could you suggest i always feel overwhelmed by my to-do list. what should i do?,Use the Eisenhower Matrix to prioritize tasks and limit yourself to 3 main goals each day.,task_prioritization
Tips to how should i start my day for better focus?,"Do a short workout or meditation, then review your schedule and prioritize key tasks.",morning_routine
Any advice on any tips for work-life balance while working remotely?,"Create a schedule with dedicated time for work, breaks, and personal time. Don’t skip days off.",work_life_balance
Can you help me with can apps help me stay focused?,"Yes, use apps like Focus Booster, RescueTime, and Pomofocus to stay on track.",productivity_tools
Could you suggest i always feel overwhelmed by my to-do list. what should i do?,Use the Eisenhower Matrix to prioritize tasks and limit yourself to 3 main goals each day.,task_prioritization
Could you suggest any tips to overcome procrastination during study time?,"Use focus timers, keep your phone away, and reward yourself after completing each study block.",avoid_procrastination
"Any advice on how can i balance classes, study, and personal time?","Plan weekly, avoid overloading any single day, and include buffer time between commitments.",student_time_management
Can you help me with i always feel overwhelmed by my to-do list. what should i do?,Use the Eisenhower Matrix to prioritize tasks and limit yourself to 3 main goals each day.,task_prioritization
Tips to how should i start my day for better focus?,"Do a short workout or meditation, then review your schedule and prioritize key tasks.",morning_routine
Any advice on how do i stop feeling rushed every morning?,"Prepare the night before, wake up 30 minutes earlier, and follow a consistent routine.",morning_routine
Could you suggest any tips for work-life balance while working remotely?,"Create a schedule with dedicated time for work, breaks, and personal time. Don’t skip days off.",work_life_balance
Can you help me with what's the best time management method for college students?,"Try the time-blocking technique and allocate specific hours to study, rest, and recreation.",student_time_management
Any advice on why do i keep putting off important work?,You may be overwhelmed; try starting with the smallest possible action to build momentum.,avoid_procrastination
What are ways to i always feel overwhelmed by my to-do list. what should i do?,Use the Eisenhower Matrix to prioritize tasks and limit yourself to 3 main goals each day.,task_prioritization
Tips to can apps help me stay focused?,"Yes, use apps like Focus Booster, RescueTime, and Pomofocus to stay on track.",productivity_tools
Tips to what is a good morning routine for productivity?,"Wake up early, avoid screens for 30 minutes, hydrate, and set your top 3 goals for the day.",morning_routine
Tips to any tips to overcome procrastination during study time?,"Use focus timers, keep your phone away, and reward yourself after completing each study block.",avoid_procrastination
Any advice on how can i prioritize better?,"Sort tasks by urgency and importance, and tackle the most critical ones first.",task_prioritization
What are ways to i always feel overwhelmed by my to-do list. what should i do?,Use the Eisenhower Matrix to prioritize tasks and limit yourself to 3 main goals each day.,task_prioritization
Any advice on what are some good productivity apps?,"Try tools like Todoist for tasks, Notion for planning, and Forest for focus.",productivity_tools
"Can you help me with how can i balance classes, study, and personal time?","Plan weekly, avoid overloading any single day, and include buffer time between commitments.",student_time_management
What are ways to what is the best way to manage competing priorities?,"Clarify deadlines, assess impact, and delegate or defer tasks when possible.",task_prioritization
Tips to i always feel overwhelmed by my to-do list. what should i do?,Use the Eisenhower Matrix to prioritize tasks and limit yourself to 3 main goals each day.,task_prioritization
What are ways to how should i start my day for better focus?,"Do a short workout or meditation, then review your schedule and prioritize key tasks.",morning_routine
Any advice on how should i start my day for better focus?,"Do a short workout or meditation, then review your schedule and prioritize key tasks.",morning_routine
Could you suggest i always feel overwhelmed by my to-do list. what should i do?,Use the Eisenhower Matrix to prioritize tasks and limit yourself to 3 main goals each day.,task_prioritization
Any advice on how do i manage my time as a student with multiple deadlines?,"Use a calendar or planner, break projects into smaller tasks, and work in daily time blocks.",student_time_management
Can you help me with how do i stop feeling rushed every morning?,"Prepare the night before, wake up 30 minutes earlier, and follow a consistent routine.",morning_routine
Could you suggest how can i focus better when working from home?,"Set up a distraction-free workspace, use noise-cancelling headphones, and work in 25-minute sprints.",focus_tips
Can you help me with what's the best time management method for college students?,"Try the time-blocking technique and allocate specific hours to study, rest, and recreation.",student_time_management
Tips to any tips to overcome procrastination during study time?,"Use focus timers, keep your phone away, and reward yourself after completing each study block.",avoid_procrastination
Any advice on how can i prioritize better?,"Sort tasks by urgency and importance, and tackle the most critical ones first.",task_prioritization
Tips to i get distracted easily. what should i do?,"Use website blockers, set clear short-term goals, and limit your workspace to essentials.",focus_tips
Could you suggest can apps help me stay focused?,"Yes, use apps like Focus Booster, RescueTime, and Pomofocus to stay on track.",productivity_tools
Tips to how can i disconnect from work after hours?,"Set a shutdown ritual, turn off notifications, and plan relaxing activities for the evening.",work_life_balance
What are ways to how do i separate work and personal time?,"Set work hours, avoid checking emails after hours, and use a different space for work.",work_life_balance
What are ways to how do i manage my time as a student with multiple deadlines?,"Use a calendar or planner, break projects into smaller tasks, and work in daily time blocks.",student_time_management
Any advice on how do i stop feeling rushed every morning?,"Prepare the night before, wake up 30 minutes earlier, and follow a consistent routine.",morning_routine
What are ways to how should i start my day for better focus?,"Do a short workout or meditation, then review your schedule and prioritize key tasks.",morning_routine
Could you suggest any tool recommendations for managing my schedule?,"Google Calendar, Trello, and ClickUp are great for organizing your time and tasks.",productivity_tools
Tips to what are some tricks to improve concentration?,"Try mindfulness exercises, reduce multitasking, and keep your workspace tidy.",focus_tips
Could you suggest how can i focus better when working from home?,"Set up a distraction-free workspace, use noise-cancelling headphones, and work in 25-minute sprints.",focus_tips
Tips to why do i keep putting off important work?,You may be overwhelmed; try starting with the smallest possible action to build momentum.,avoid_procrastination
Tips to what is a good morning routine for productivity?,"Wake up early, avoid screens for 30 minutes, hydrate, and set your top 3 goals for the day.",morning_routine
What are ways to any tool recommendations for managing my schedule?,"Google Calendar, Trello, and ClickUp are great for organizing your time and tasks.",productivity_tools
Can you help me with what are some tricks to improve concentration?,"Try mindfulness exercises, reduce multitasking, and keep your workspace tidy.",focus_tips
What are ways to how can i disconnect from work after hours?,"Set a shutdown ritual, turn off notifications, and plan relaxing activities for the evening.",work_life_balance
What are ways to how do i manage my time as a student with multiple deadlines?,"Use a calendar or planner, break projects into smaller tasks, and work in daily time blocks.",student_time_management
Could you suggest any tool recommendations for managing my schedule?,"Google Calendar, Trello, and ClickUp are great for organizing your time and tasks.",productivity_tools
Can you help me with what are some tricks to improve concentration?,"Try mindfulness exercises, reduce multitasking, and keep your workspace tidy.",focus_tips
Tips to any tips for work-life balance while working remotely?,"Create a schedule with dedicated time for work, breaks, and personal time. Don’t skip days off.",work_life_balance
What are ways to i always feel overwhelmed by my to-do list. what should i do?,Use the Eisenhower Matrix to prioritize tasks and limit yourself to 3 main goals each day.,task_prioritization
Tips to how can i stop procrastinating?,"Break tasks into smaller chunks, set a timer using the Pomodoro technique, and remove distractions from your environment.",avoid_procrastination
Could you suggest what's the best time management method for college students?,"Try the time-blocking technique and allocate specific hours to study, rest, and recreation.",student_time_management
What are ways to why do i keep putting off important work?,You may be overwhelmed; try starting with the smallest possible action to build momentum.,avoid_procrastination
What are ways to can apps help me stay focused?,"Yes, use apps like Focus Booster, RescueTime, and Pomofocus to stay on track.",productivity_tools
"Tips to how can i balance classes, study, and personal time?","Plan weekly, avoid overloading any single day, and include buffer time between commitments.",student_time_management
Tips to what are some good productivity apps?,"Try tools like Todoist for tasks, Notion for planning, and Forest for focus.",productivity_tools
Could you suggest how do i separate work and personal time?,"Set work hours, avoid checking emails after hours, and use a different space for work.",work_life_balance
Any advice on i get distracted easily. what should i do?,"Use website blockers, set clear short-term goals, and limit your workspace to essentials.",focus_tips
Could you suggest how do i manage my time as a student with multiple deadlines?,"Use a calendar or planner, break projects into smaller tasks, and work in daily time blocks.",student_time_management
What are ways to what is a good morning routine for productivity?,"Wake up early, avoid screens for 30 minutes, hydrate, and set your top 3 goals for the day.",morning_routine
Can you help me with what is the best way to manage competing priorities?,"Clarify deadlines, assess impact, and delegate or defer tasks when possible.",task_prioritization
Could you suggest what are some tricks to improve concentration?,"Try mindfulness exercises, reduce multitasking, and keep your workspace tidy.",focus_tips
Can you help me with why do i keep putting off important work?,You may be overwhelmed; try starting with the smallest possible action to build momentum.,avoid_procrastination
Can you help me with what are some good productivity apps?,"Try tools like Todoist for tasks, Notion for planning, and Forest for focus.",productivity_tools
Any advice on why do i keep putting off important work?,You may be overwhelmed; try starting with the smallest possible action to build momentum.,avoid_procrastination
Can you help me with how can i disconnect from work after hours?,"Set a shutdown ritual, turn off notifications, and plan relaxing activities for the evening.",work_life_balance
Any advice on any tool recommendations for managing my schedule?,"Google Calendar, Trello, and ClickUp are great for organizing your time and tasks.",productivity_tools
"Can you help me with how can i balance classes, study, and personal time?","Plan weekly, avoid overloading any single day, and include buffer time between commitments.",student_time_management
What are ways to any tips to overcome procrastination during study time?,"Use focus timers, keep your phone away, and reward yourself after completing each study block.",avoid_procrastination
Can you help me with any tips to overcome procrastination during study time?,"Use focus timers, keep your phone away, and reward yourself after completing each study block.",avoid_procrastination
Tips to any tool recommendations for managing my schedule?,"Google Calendar, Trello, and ClickUp are great for organizing your time and tasks.",productivity_tools
What are ways to i always feel overwhelmed by my to-do list. what should i do?,Use the Eisenhower Matrix to prioritize tasks and limit yourself to 3 main goals each day.,task_prioritization
What are ways to how do i stop feeling rushed every morning?,"Prepare the night before, wake up 30 minutes earlier, and follow a consistent routine.",morning_routine
Could you suggest how can i focus better when working from home?,"Set up a distraction-free workspace, use noise-cancelling headphones, and work in 25-minute sprints.",focus_tips
Can you help me with what is a good morning routine for productivity?,"Wake up early, avoid screens for 30 minutes, hydrate, and set your top 3 goals for the day.",morning_routine
Can you help me with how do i separate work and personal time?,"Set work hours, avoid checking emails after hours, and use a different space for work.",work_life_balance
Can you help me with how can i stop procrastinating?,"Break tasks into smaller chunks, set a timer using the Pomodoro technique, and remove distractions from your environment.",avoid_procrastination
Can you help me with why do i keep putting off important work?,You may be overwhelmed; try starting with the smallest possible action to build momentum.,avoid_procrastination
Any advice on how do i separate work and personal time?,"Set work hours, avoid checking emails after hours, and use a different space for work.",work_life_balance
Tips to i get distracted easily. what should i do?,"Use website blockers, set clear short-term goals, and limit your workspace to essentials.",focus_tips
Can you help me with any tips to overcome procrastination during study time?,"Use focus timers, keep your phone away, and reward yourself after completing each study block.",avoid_procrastination
What are ways to can apps help me stay focused?,"Yes, use apps like Focus Booster, RescueTime, and Pomofocus to stay on track.",productivity_tools
Could you suggest how can i stop procrastinating?,"Break tasks into smaller chunks, set a timer using the Pomodoro technique, and remove distractions from your environment.",avoid_procrastination
Any advice on what are some tricks to improve concentration?,"Try mindfulness exercises, reduce multitasking, and keep your workspace tidy.",focus_tips
Can you help me with i get distracted easily. what should i do?,"Use website blockers, set clear short-term goals, and limit your workspace to essentials.",focus_tips
"What are ways to how can i balance classes, study, and personal time?","Plan weekly, avoid overloading any single day, and include buffer time between commitments.",student_time_management
Any advice on any tool recommendations for managing my schedule?,"Google Calendar, Trello, and ClickUp are great for organizing your time and tasks.",productivity_tools
Could you suggest how can i disconnect from work after hours?,"Set a shutdown ritual, turn off notifications, and plan relaxing activities for the evening.",work_life_balance
Could you suggest what's the best time management method for college students?,"Try the time-blocking technique and allocate specific hours to study, rest, and recreation.",student_time_management
Can you help me with how can i prioritize better?,"Sort tasks by urgency and importance, and tackle the most critical ones first.",task_prioritization
Could you suggest can apps help me stay focused?,"Yes, use apps like Focus Booster, RescueTime, and Pomofocus to stay on track.",productivity_tools
Any advice on can apps help me stay focused?,"Yes, use apps like Focus Booster, RescueTime, and Pomofocus to stay on track.",productivity_tools
Can you help me with any tips to overcome procrastination during study time?,"Use focus timers, keep your phone away, and reward yourself after completing each study block.",avoid_procrastination
What are ways to how can i prioritize better?,"Sort tasks by urgency and importance, and tackle the most critical ones first.",task_prioritization
What are ways to how can i disconnect from work after hours?,"Set a shutdown ritual, turn off notifications, and plan relaxing activities for the evening.",work_life_balance
Tips to how can i prioritize better?,"Sort tasks by urgency and importance, and tackle the most critical ones first.",task_prioritization
Any advice on i always feel overwhelmed by my to-do list. what should i do?,Use the Eisenhower Matrix to prioritize tasks and limit yourself to 3 main goals each day.,task_prioritization
Could you suggest how should i start my day for better focus?,"Do a short workout or meditation, then review your schedule and prioritize key tasks.",morning_routine
Any advice on any tool recommendations for managing my schedule?,"Google Calendar, Trello, and ClickUp are great for organizing your time and tasks.",productivity_tools
What are ways to how can i focus better when working from home?,"Set up a distraction-free workspace, use noise-cancelling headphones, and work in 25-minute sprints.",focus_tips
Could you suggest can apps help me stay focused?,"Yes, use apps like Focus Booster, RescueTime, and Pomofocus to stay on track.",productivity_tools
Any advice on what are some tricks to improve concentration?,"Try mindfulness exercises, reduce multitasking, and keep your workspace tidy.",focus_tips
Could you suggest i get distracted easily. what should i do?,"Use website blockers, set clear short-term goals, and limit your workspace to essentials.",focus_tips
Could you suggest how can i stop procrastinating?,"Break tasks into smaller chunks, set a timer using the Pomodoro technique, and remove distractions from your environment.",avoid_procrastination
Any advice on how can i prioritize better?,"Sort tasks by urgency and importance, and tackle the most critical ones first.",task_prioritization
Tips to how do i separate work and personal time?,"Set work hours, avoid checking emails after hours, and use a different space for work.",work_life_balance
Could you suggest what is the best way to manage competing priorities?,"Clarify deadlines, assess impact, and delegate or defer tasks when possible.",task_prioritization
"Could you suggest how can i balance classes, study, and personal time?","Plan weekly, avoid overloading any single day, and include buffer time between commitments.",student_time_management
Can you help me with i always feel overwhelmed by my to-do list. what should i do?,Use the Eisenhower Matrix to prioritize tasks and limit yourself to 3 main goals each day.,task_prioritization
What are ways to what are some good productivity apps?,"Try tools like Todoist for tasks, Notion for planning, and Forest for focus.",productivity_tools
Could you suggest how can i focus better when working from home?,"Set up a distraction-free workspace, use noise-cancelling headphones, and work in 25-minute sprints.",focus_tips
Tips to how can i prioritize better?,"Sort tasks by urgency and importance, and tackle the most critical ones first.",task_prioritization
Any advice on how can i disconnect from work after hours?,"Set a shutdown ritual, turn off notifications, and plan relaxing activities for the evening.",work_life_balance
Tips to what are some tricks to improve concentration?,"Try mindfulness exercises, reduce multitasking, and keep your workspace tidy.",focus_tips
Can you help me with what is a good morning routine for productivity?,"Wake up early, avoid screens for 30 minutes, hydrate, and set your top 3 goals for the day.",morning_routine
Any advice on any tips for work-life balance while working remotely?,"Create a schedule with dedicated time for work, breaks, and personal time. Don’t skip days off.",work_life_balance
"Can you help me with how can i balance classes, study, and personal time?","Plan weekly, avoid overloading any single day, and include buffer time between commitments.",student_time_management
Can you help me with what are some tricks to improve concentration?,"Try mindfulness exercises, reduce multitasking, and keep your workspace tidy.",focus_tips
"Can you help me with how can i balance classes, study, and personal time?","Plan weekly, avoid overloading any single day, and include buffer time between commitments.",student_time_management
